label,channel,start_s,best_step,SNR_raw_dB,SNR_dip_dB,Delta_SNR_dB,EEG_total_0p5_500_raw,EEG_total_0p5_500_dip,EEG_total_delta_pct,NonEEG_total_0p5_500_raw,EEG_0p5_40_raw,EEG_0p5_40_dip,EEG_0p5_40_delta_pct,EEG_80_250_raw,EEG_80_250_dip,HF1_suppress_pct,EEG_250_500_raw,EEG_250_500_dip,HF2_suppress_pct,HF_total_suppress_pct,selection,agg,snr_mode,model,is_artifact
W,T3,30.000000,950,-154.720684,-155.896876,-1.176192,2.779522e-08,2.120073e-08,-23.725250,8.242111e+07,1.355244e-08,2.130911e-08,57.234549,7.293761e-09,2.887032e-12,99.960418,2.326067e-09,2.144754e-13,99.990779,99.967759,snr,mean,raw,eegnet,0
N1,T3,60.000000,1050,-153.804531,-153.735031,0.069500,2.685040e-08,2.728354e-08,1.613180,6.447686e+07,2.565262e-08,2.728509e-08,6.363776,1.981389e-10,3.409001e-12,98.279498,1.204023e-10,2.513824e-13,99.791216,98.850895,snr,mean,raw,eegnet,0
N2,T3,360.000000,2000,-148.749649,-150.082793,-1.333144,8.606958e-08,6.331918e-08,-26.432566,6.453786e+07,8.526155e-08,6.345692e-08,-25.573805,1.098019e-10,5.474993e-12,95.013799,9.160442e-11,4.015574e-13,99.561645,97.082256,snr,mean,raw,eegnet,0
N3,T3,1.140000e+03,1900,-145.932140,-147.548910,-1.616770,1.359823e-07,9.371422e-08,-31.083538,5.329623e+07,1.352370e-07,9.388075e-08,-30.580599,1.278238e-10,7.391204e-12,94.217708,1.025853e-10,6.292545e-13,99.386610,96.519051,snr,mean,raw,eegnet,0
R,T3,6.840000e+03,1000,-154.372864,-154.932797,-0.559933,2.273278e-08,1.998293e-08,-12.096402,6.222129e+07,2.214610e-08,2.010528e-08,-9.215243,5.043820e-11,2.254394e-12,95.530473,7.660348e-11,1.811080e-13,99.763580,98.082926,snr,mean,raw,eegnet,0
L,T3,2.856000e+04,1400,-164.865994,-164.704508,0.161486,7.284473e-09,7.560434e-09,3.788338,2.233560e+08,5.148026e-09,7.593088e-09,47.495130,8.707579e-10,1.281116e-12,99.852874,2.712510e-10,9.514454e-14,99.964924,99.879488,snr,mean,raw,eegnet,0
W,T3,0.000000,1400,-155.227725,-153.553169,1.674556,1.827271e-08,2.686943e-08,47.046792,6.089413e+07,1.717964e-08,2.696276e-08,56.946037,2.220598e-10,3.468294e-12,98.438133,1.239270e-10,2.717808e-13,99.780695,98.919016,snr,mean,raw,eegnet,1
W,T3,30.000000,600,-154.720684,-155.789523,-1.068838,2.779522e-08,2.173132e-08,-21.816312,8.242111e+07,1.355244e-08,2.173412e-08,60.370546,7.293761e-09,3.133941e-12,99.957033,2.326067e-09,2.250796e-13,99.990324,99.965082,mse,mean,raw,eegnet,0
N1,T3,60.000000,600,-153.804531,-154.265954,-0.461422,2.685040e-08,2.414396e-08,-10.079692,6.447686e+07,2.565262e-08,2.414323e-08,-5.883971,1.981389e-10,2.992240e-12,98.489835,1.204023e-10,2.340925e-13,99.805576,98.987157,mse,mean,raw,eegnet,0
N2,T3,360.000000,600,-148.749649,-152.505319,-3.755669,8.606958e-08,3.624789e-08,-57.885363,6.453786e+07,8.526155e-08,3.634640e-08,-57.370701,1.098019e-10,3.205133e-12,97.081013,9.160442e-11,2.431547e-13,99.734563,98.287904,mse,mean,raw,eegnet,0
N3,T3,1.140000e+03,600,-145.932140,-149.421524,-3.489384,1.359823e-07,6.088974e-08,-55.222321,5.329623e+07,1.352370e-07,6.094130e-08,-54.937417,1.278238e-10,4.661968e-12,96.352845,1.025853e-10,3.482133e-13,99.660566,97.825538,mse,mean,raw,eegnet,0
R,T3,6.840000e+03,600,-154.372864,-156.287383,-1.914520,2.273278e-08,1.462853e-08,-35.650077,6.222129e+07,2.214610e-08,1.468505e-08,-33.690113,5.043820e-11,2.092697e-12,95.851050,7.660348e-11,1.763869e-13,99.769743,98.213920,mse,mean,raw,eegnet,0
L,T3,2.856000e+04,600,-164.865994,-165.687627,-0.821633,7.284473e-09,6.028855e-09,-17.236910,2.233560e+08,5.148026e-09,6.047012e-09,17.462716,8.707579e-10,9.117150e-13,99.895297,2.712510e-10,7.012666e-14,99.974147,99.914025,mse,mean,raw,eegnet,0
W,T3,0.000000,600,-155.227725,-156.002867,-0.775142,1.827271e-08,1.528582e-08,-16.346182,6.089413e+07,1.717964e-08,1.528523e-08,-11.027030,2.220598e-10,2.134839e-12,99.038624,1.239270e-10,1.584754e-13,99.872123,99.337169,mse,mean,raw,eegnet,1
W,T3,30.000000,1050,-154.720684,-155.707125,-0.986441,2.779522e-08,2.214756e-08,-20.318791,8.242111e+07,1.355244e-08,2.219523e-08,63.772997,7.293761e-09,3.175674e-12,99.956460,2.326067e-09,2.244661e-13,99.990350,99.964655,snr,mean,raw,eegnet,0
N1,T3,60.000000,1350,-153.804531,-153.491524,0.313008,2.685040e-08,2.885702e-08,7.473349,6.447686e+07,2.565262e-08,2.882809e-08,12.378739,1.981389e-10,3.381561e-12,98.293347,1.204023e-10,2.464971e-13,99.795274,98.861043,snr,mean,raw,eegnet,0
N2,T3,360.000000,2350,-148.749649,-150.235322,-1.485673,8.606958e-08,6.113394e-08,-28.971487,6.453786e+07,8.526155e-08,6.117014e-08,-28.255888,1.098019e-10,4.861490e-12,95.572531,9.160442e-11,3.652336e-13,99.601297,97.404899,snr,mean,raw,eegnet,0
N3,T3,1.140000e+03,1350,-145.932140,-147.582648,-1.650509,1.359823e-07,9.298902e-08,-31.616845,5.329623e+07,1.352370e-07,9.362046e-08,-30.773067,1.278238e-10,6.902532e-12,94.600006,1.025853e-10,5.106494e-13,99.502225,96.782615,snr,mean,raw,eegnet,0
R,T3,6.840000e+03,2350,-154.372864,-154.680009,-0.307146,2.273278e-08,2.118059e-08,-6.828001,6.222129e+07,2.214610e-08,2.121832e-08,-4.189345,5.043820e-11,2.199042e-12,95.640212,7.660348e-11,1.802388e-13,99.764715,98.127180,snr,mean,raw,eegnet,0
L,T3,2.856000e+04,800,-164.865994,-164.532590,0.333404,7.284473e-09,7.865721e-09,7.979268,2.233560e+08,5.148026e-09,7.910248e-09,53.655936,8.707579e-10,1.132655e-12,99.869923,2.712510e-10,9.288969e-14,99.965755,99.892685,snr,mean,raw,eegnet,0
W,T3,0.000000,2400,-155.227725,-153.274908,1.952816,1.827271e-08,2.864736e-08,56.776740,6.089413e+07,1.717964e-08,2.874679e-08,67.330569,2.220598e-10,3.609996e-12,98.374321,1.239270e-10,2.698616e-13,99.782243,98.878614,snr,mean,raw,eegnet,1
W,T3,30.000000,1550,-142.116915,-142.485763,-0.368848,2.779522e-08,2.553202e-08,-8.142378,4.525447e+06,1.355244e-08,2.549757e-08,88.140099,7.293761e-09,3.399658e-12,99.953390,2.326067e-09,2.721659e-13,99.988299,99.961831,snr,median,raw,eegnet,0
N1,T3,60.000000,1250,-142.008639,-141.286060,0.722579,2.685040e-08,3.171090e-08,18.102182,4.263975e+06,2.565262e-08,3.183094e-08,24.084583,1.981389e-10,4.132938e-12,97.914131,1.204023e-10,3.254109e-13,99.729733,98.600390,snr,median,raw,eegnet,0
N2,T3,360.000000,2700,-137.300927,-139.030038,-1.729111,8.606958e-08,5.780142e-08,-32.843373,4.623197e+06,8.526155e-08,5.787303e-08,-32.122938,1.098019e-10,4.944442e-12,95.496984,9.160442e-11,3.914047e-13,99.572728,97.350719,snr,median,raw,eegnet,0
N3,T3,1.140000e+03,3000,-135.658027,-137.052683,-1.394656,1.359823e-07,9.863179e-08,-27.467207,5.003631e+06,1.352370e-07,9.868995e-08,-27.024472,1.278238e-10,6.620891e-12,94.820339,1.025853e-10,5.332575e-13,99.480187,96.895037,snr,median,raw,eegnet,0
R,T3,6.840000e+03,2600,-137.487794,-137.567563,-0.079769,2.273278e-08,2.231905e-08,-1.819975,1.274771e+06,2.214610e-08,2.254764e-08,1.813138,5.043820e-11,2.218097e-12,95.602433,7.660348e-11,1.730200e-13,99.774139,98.117863,snr,median,raw,eegnet,0
L,T3,2.856000e+04,1250,-141.993136,-141.934979,0.058157,7.284473e-09,7.382677e-09,1.348120,1.152688e+06,5.148026e-09,7.417963e-09,44.093323,8.707579e-10,1.173148e-12,99.865273,2.712510e-10,8.978353e-14,99.966900,99.889411,snr,median,raw,eegnet,0
W,T3,0.000000,1550,-143.671749,-141.986198,1.685550,1.827271e-08,2.693754e-08,47.419528,4.255767e+06,1.717964e-08,2.694421e-08,56.838041,2.220598e-10,3.718780e-12,98.325333,1.239270e-10,2.826505e-13,99.771924,98.843477,snr,median,raw,eegnet,1
W,T3,30.000000,600,-142.116915,-143.083631,-0.966716,2.779522e-08,2.224838e-08,-19.956077,4.525447e+06,1.355244e-08,2.238189e-08,65.150287,7.293761e-09,3.127962e-12,99.957115,2.326067e-09,2.347660e-13,99.989907,99.965044,mse,median,raw,eegnet,0
N1,T3,60.000000,600,-142.008639,-143.297254,-1.288614,2.685040e-08,1.995673e-08,-25.674373,4.263975e+06,2.565262e-08,1.999746e-08,-22.045155,1.981389e-10,2.236546e-12,98.871229,1.204023e-10,1.687750e-13,99.859825,99.244897,mse,median,raw,eegnet,0
N2,T3,360.000000,600,-137.300927,-141.203590,-3.902663,8.606958e-08,3.504156e-08,-59.286941,4.623197e+06,8.526155e-08,3.506992e-08,-58.867829,1.098019e-10,3.685038e-12,96.643952,9.160442e-11,2.699693e-13,99.705291,98.036314,mse,median,raw,eegnet,0
N3,T3,1.140000e+03,600,-135.658027,-139.210726,-3.552699,1.359823e-07,6.000848e-08,-55.870387,5.003631e+06,1.352370e-07,5.999516e-08,-55.637039,1.278238e-10,6.129003e-12,95.205153,1.025853e-10,4.661684e-13,99.545584,97.137638,mse,median,raw,eegnet,0
R,T3,6.840000e+03,600,-137.487794,-139.129387,-1.641593,2.273278e-08,1.557734e-08,-31.476322,1.274771e+06,2.214610e-08,1.565262e-08,-29.321078,5.043820e-11,1.835481e-12,96.361003,7.660348e-11,1.522024e-13,99.801314,98.435421,mse,median,raw,eegnet,0
L,T3,2.856000e+04,600,-141.993136,-142.516447,-0.523310,7.284473e-09,6.457540e-09,-11.351993,1.152688e+06,5.148026e-09,6.522116e-09,26.691571,8.707579e-10,9.720924e-13,99.888363,2.712510e-10,8.249447e-14,99.969588,99.907655,mse,median,raw,eegnet,0
W,T3,0.000000,600,-143.671749,-142.752129,0.919620,1.827271e-08,2.258213e-08,23.583922,4.255767e+06,1.717964e-08,2.261902e-08,31.661815,2.220598e-10,2.886070e-12,98.700325,1.239270e-10,2.205365e-13,99.822045,99.102105,mse,median,raw,eegnet,1
W,T3,30.000000,600,-154.720684,-154.823084,-0.102399,2.779522e-08,2.714752e-08,-2.330254,8.242111e+07,1.355244e-08,1.355767e-08,0.038607,7.293761e-09,7.033582e-09,3.567157,2.326067e-09,1.934872e-09,16.817900,6.771167,mse,mean,raw,Shallow ReLU Prior,0
N1,T3,60.000000,600,-153.804531,-153.868228,-0.063696,2.685040e-08,2.645947e-08,-1.455960,6.447686e+07,2.565262e-08,2.565326e-08,0.002517,1.981389e-10,1.863932e-11,90.592851,1.204023e-10,1.892956e-11,84.278204,88.205997,mse,mean,raw,Shallow ReLU Prior,0
N2,T3,360.000000,600,-148.749649,-148.776331,-0.026682,8.606958e-08,8.554241e-08,-0.612490,6.453786e+07,8.526155e-08,8.524209e-08,-0.022824,1.098019e-10,8.089747e-12,92.632484,9.160442e-11,1.168592e-11,87.243200,90.181257,mse,mean,raw,Shallow ReLU Prior,0
N3,T3,1.140000e+03,600,-145.932140,-145.990301,-0.058162,1.359823e-07,1.341734e-07,-1.330292,5.329623e+07,1.352370e-07,1.340583e-07,-0.871641,1.278238e-10,2.280256e-11,82.161085,1.025853e-10,4.732308e-11,53.869988,69.564862,mse,mean,raw,Shallow ReLU Prior,0
R,T3,6.840000e+03,600,-154.372864,-154.419594,-0.046731,2.273278e-08,2.248949e-08,-1.070242,6.222129e+07,2.214610e-08,2.224134e-08,0.430069,5.043820e-11,1.112173e-11,77.950217,7.660348e-11,1.452787e-11,81.035221,79.810246,mse,mean,raw,Shallow ReLU Prior,0
L,T3,2.856000e+04,600,-164.865994,-165.029491,-0.163497,7.284473e-09,7.015335e-09,-3.694682,2.233560e+08,5.148026e-09,5.054166e-09,-1.823220,8.707579e-10,7.574889e-10,13.008196,2.712510e-10,2.432573e-10,10.320551,12.369746,mse,mean,raw,Shallow ReLU Prior,0
W,T3,0.000000,600,-155.227725,-155.409315,-0.181590,1.827271e-08,1.752443e-08,-4.095062,6.089413e+07,1.717964e-08,1.696378e-08,-1.256476,2.220598e-10,3.490499e-11,84.281339,1.239270e-10,3.293743e-11,73.422122,80.391674,mse,mean,raw,Shallow ReLU Prior,1
W,T3,30.000000,1850,-154.720684,-154.727209,-0.006525,2.779522e-08,2.775349e-08,-0.150131,8.242111e+07,1.355244e-08,1.363320e-08,0.595940,7.293761e-09,7.300872e-09,-0.097490,2.326067e-09,2.176314e-09,6.438072,1.482794,snr,mean,raw,Shallow ReLU Prior,0
N1,T3,60.000000,100,-153.804531,-153.688595,0.115937,2.685040e-08,2.757683e-08,2.705497,6.447686e+07,2.565262e-08,2.730143e-08,6.427441,1.981389e-10,2.888475e-11,85.422042,1.204023e-10,4.257089e-11,64.643088,77.567920,snr,mean,raw,Shallow ReLU Prior,0
N2,T3,360.000000,700,-148.749649,-148.707516,0.042133,8.606958e-08,8.690864e-08,0.974868,6.453786e+07,8.526155e-08,8.660131e-08,1.571353,1.098019e-10,6.802227e-12,93.805057,9.160442e-11,1.684881e-11,81.607187,88.257110,snr,mean,raw,Shallow ReLU Prior,0
N3,T3,1.140000e+03,350,-145.932140,-145.624363,0.307777,1.359823e-07,1.459689e-07,7.343978,5.329623e+07,1.352370e-07,1.461443e-07,8.065313,1.278238e-10,1.671639e-11,86.922419,1.025853e-10,2.964534e-11,71.102051,79.878603,snr,mean,raw,Shallow ReLU Prior,0
R,T3,6.840000e+03,250,-154.372864,-154.344518,0.028345,2.273278e-08,2.288164e-08,0.654808,6.222129e+07,2.214610e-08,2.283344e-08,3.103669,5.043820e-11,2.010653e-11,60.137102,7.660348e-11,3.064359e-11,59.997653,60.052703,snr,mean,raw,Shallow ReLU Prior,0
L,T3,2.856000e+04,100,-164.865994,-164.833062,0.032932,7.284473e-09,7.339920e-09,0.761162,2.233560e+08,5.148026e-09,4.674782e-10,-90.919255,8.707579e-10,4.194052e-09,-381.654765,2.712510e-10,4.470141e-10,-64.796601,-306.394531,snr,mean,raw,Shallow ReLU Prior,0
W,T3,0.000000,800,-155.227725,-155.196389,0.031336,1.827271e-08,1.840503e-08,0.724144,6.089413e+07,1.717964e-08,1.782319e-08,3.746017,2.220598e-10,9.467210e-12,95.736659,1.239270e-10,1.114989e-11,91.002930,94.041092,snr,mean,raw,Shallow ReLU Prior,1
W,T3,30.000000,600,-154.720684,-154.713686,0.006998,2.779522e-08,2.784004e-08,0.161267,8.242111e+07,1.355244e-08,1.337807e-08,-1.286573,7.293761e-09,7.649844e-09,-4.882011,2.326067e-09,2.119594e-09,8.876507,-1.555222,mse,mean,raw,Shallow LeakyRelu,0
N1,T3,60.000000,600,-153.804531,-154.016613,-0.212081,2.685040e-08,2.557070e-08,-4.766032,6.447686e+07,2.565262e-08,2.544542e-08,-0.807699,1.981389e-10,2.066368e-11,89.571167,1.204023e-10,3.824209e-11,68.238340,81.507704,mse,mean,raw,Shallow LeakyRelu,0
N2,T3,360.000000,600,-148.749649,-148.797133,-0.047483,8.606958e-08,8.513366e-08,-1.087392,6.453786e+07,8.526155e-08,8.512643e-08,-0.158469,1.098019e-10,1.456109e-11,86.738883,9.160442e-11,3.398371e-11,62.902077,75.897202,mse,mean,raw,Shallow LeakyRelu,0
N3,T3,1.140000e+03,600,-145.932140,-145.965390,-0.033251,1.359823e-07,1.349452e-07,-0.762699,5.329623e+07,1.352370e-07,1.350916e-07,-0.107544,1.278238e-10,3.012708e-11,76.430962,1.025853e-10,6.599285e-11,35.670899,58.283112,mse,mean,raw,Shallow LeakyRelu,0
R,T3,6.840000e+03,600,-154.372864,-154.496439,-0.123575,2.273278e-08,2.209505e-08,-2.805328,6.222129e+07,2.214610e-08,2.210303e-08,-0.194471,5.043820e-11,1.206569e-11,76.078740,7.660348e-11,2.257442e-11,70.531206,72.733487,mse,mean,raw,Shallow LeakyRelu,0
L,T3,2.856000e+04,600,-164.865994,-165.089432,-0.223438,7.284473e-09,6.919175e-09,-5.014748,2.233560e+08,5.148026e-09,5.079274e-09,-1.335504,8.707579e-10,7.269037e-10,16.520675,2.712510e-10,2.541340e-10,6.310755,14.095525,mse,mean,raw,Shallow LeakyRelu,0
W,T3,0.000000,600,-155.227725,-155.292504,-0.064780,1.827271e-08,1.800217e-08,-1.480541,6.089413e+07,1.717964e-08,1.716907e-08,-0.061538,2.220598e-10,5.273328e-11,76.252779,1.239270e-10,3.995341e-11,67.760785,73.210997,mse,mean,raw,Shallow LeakyRelu,1
W,T3,30.000000,2600,-154.720684,-154.730281,-0.009596,2.779522e-08,2.773387e-08,-0.220720,8.242111e+07,1.355244e-08,1.362644e-08,0.546079,7.293761e-09,7.277289e-09,0.225844,2.326067e-09,2.159777e-09,7.148999,1.899848,snr,mean,raw,Shallow LeakyRelu,0
N1,T3,60.000000,850,-153.804531,-153.237244,0.567288,2.685040e-08,3.059704e-08,13.953790,6.447686e+07,2.565262e-08,3.025951e-08,17.958741,1.981389e-10,2.274274e-11,88.521878,1.204023e-10,3.504027e-11,70.897581,81.860170,snr,mean,raw,Shallow LeakyRelu,0
N2,T3,360.000000,800,-148.749649,-148.773532,-0.023883,8.606958e-08,8.559756e-08,-0.548419,6.453786e+07,8.526155e-08,8.561227e-08,0.411353,1.098019e-10,1.674865e-11,84.746622,9.160442e-11,2.590381e-11,71.722406,78.822786,snr,mean,raw,Shallow LeakyRelu,0
N3,T3,1.140000e+03,400,-145.932140,-145.801112,0.131028,1.359823e-07,1.401475e-07,3.062997,5.329623e+07,1.352370e-07,1.402110e-07,3.677917,1.278238e-10,3.741271e-11,70.731260,1.025853e-10,8.082158e-11,21.216026,48.685289,snr,mean,raw,Shallow LeakyRelu,0
R,T3,6.840000e+03,1050,-154.372864,-154.265086,0.107777,2.273278e-08,2.330399e-08,2.512710,6.222129e+07,2.214610e-08,2.280069e-08,2.955784,5.043820e-11,1.828660e-11,63.745256,7.660348e-11,2.191297e-11,71.394662,68.357427,snr,mean,raw,Shallow LeakyRelu,0
L,T3,2.856000e+04,1300,-164.865994,-164.826894,0.039100,7.284473e-09,7.350352e-09,0.904381,2.233560e+08,5.148026e-09,5.182362e-09,0.666964,8.707579e-10,9.111072e-10,-4.633686,2.712510e-10,2.377827e-10,12.338819,-0.602441,snr,mean,raw,Shallow LeakyRelu,0
W,T3,0.000000,1500,-155.227725,-154.968301,0.259424,1.827271e-08,1.939748e-08,6.155474,6.089413e+07,1.717964e-08,1.935742e-08,12.676505,2.220598e-10,1.300525e-11,94.143384,1.239270e-10,2.518023e-11,79.681562,88.963345,snr,mean,raw,Shallow LeakyRelu,1
W,T3,30.000000,600,-154.720684,-28.107363,126.613321,2.779522e-08,1.274389e+05,4.584923e+14,8.242111e+07,1.355244e-08,1.274468e+05,9.403976e+14,7.293761e-09,0.030369,-4.163635e+08,2.326067e-09,0.001458,-6.266060e+07,-3.308385e+08,mse,mean,raw,Deep Residual LeakyRelu,0
N1,T3,60.000000,600,-153.804531,-19.263959,134.540573,2.685040e-08,7.638498e+05,2.844836e+15,6.447686e+07,2.565262e-08,7.638810e+05,2.977790e+15,1.981389e-10,0.107651,-5.433090e+10,1.204023e-10,0.054649,-4.538842e+10,-5.095097e+10,mse,mean,raw,Deep Residual LeakyRelu,0
N2,T3,360.000000,600,-148.749649,-125.139888,23.609762,8.606958e-08,1.976177e-05,2.286023e+04,6.453786e+07,8.526155e-08,1.976697e-05,2.308393e+04,1.098019e-10,3.283482e-11,70.096581,9.160442e-11,8.834706e-11,3.556957,39.832437,mse,mean,raw,Deep Residual LeakyRelu,0
N3,T3,1.140000e+03,600,-145.932140,-89.913049,56.019091,1.359823e-07,0.054374,3.998600e+07,5.329623e+07,1.352370e-07,0.054401,4.022645e+07,1.278238e-10,7.525682e-08,-5.877497e+04,1.025853e-10,3.940804e-09,-3.741452e+03,-3.427246e+04,mse,mean,raw,Deep Residual LeakyRelu,0
R,T3,6.840000e+03,600,-154.372864,-80.857337,73.515526,2.273278e-08,0.510746,2.246739e+09,6.222129e+07,2.214610e-08,0.510877,2.306847e+09,5.043820e-11,1.372967e-09,-2.622023e+03,7.660348e-11,1.206605e-09,-1.475110e+03,-1.930476e+03,mse,mean,raw,Deep Residual LeakyRelu,0
L,T3,2.856000e+04,600,-164.865994,-42.511401,122.354593,7.284473e-09,1.252730e+04,1.719726e+14,2.233560e+08,5.148026e-09,1.254454e+04,2.436766e+14,8.707579e-10,0.036221,-4.159734e+09,2.712510e-10,0.004189,-1.544401e+09,-3.538540e+09,mse,mean,raw,Deep Residual LeakyRelu,0
W,T3,0.000000,600,-155.227725,-82.646896,72.580828,1.827271e-08,0.331044,1.811685e+09,6.089413e+07,1.717964e-08,0.331680,1.930660e+09,2.220598e-10,5.222017e-09,-2.251615e+03,1.239270e-10,1.374023e-09,-1.008727e+03,-1.806437e+03,mse,mean,raw,Deep Residual LeakyRelu,1
W,T3,30.000000,50,-154.720684,-128.303453,26.417231,2.779522e-08,1.218129e-05,4.372512e+04,8.242111e+07,1.355244e-08,1.218213e-05,8.978884e+04,7.293761e-09,7.400786e-11,98.985327,2.326067e-09,1.173020e-10,94.957066,98.011296,snr,mean,raw,Deep Residual LeakyRelu,0
N1,T3,60.000000,200,-153.804531,17.120058,170.924590,2.685040e-08,3.322077e+09,1.237254e+19,6.447686e+07,2.565262e-08,3.322612e+09,1.295233e+19,1.981389e-10,1.602356,-8.086994e+11,1.204023e-10,1.520084,-1.262493e+12,-9.802280e+11,snr,mean,raw,Deep Residual LeakyRelu,0
N2,T3,360.000000,150,-148.749649,19.924920,168.674569,8.606958e-08,6.343173e+09,7.369820e+18,6.453786e+07,8.526155e-08,6.343188e+09,7.439682e+18,1.098019e-10,0.015832,-1.441836e+10,9.160442e-11,0.038406,-4.192555e+10,-2.692944e+10,snr,mean,raw,Deep Residual LeakyRelu,0
N3,T3,1.140000e+03,150,-145.932140,7.679633,153.611772,1.359823e-07,3.123631e+08,2.297086e+17,5.329623e+07,1.352370e-07,3.123915e+08,2.309955e+17,1.278238e-10,386.214838,-3.021439e+14,1.025853e-10,18.350309,-1.788768e+13,-1.755848e+14,snr,mean,raw,Deep Residual LeakyRelu,0
R,T3,6.840000e+03,150,-154.372864,6.040508,160.413372,2.273278e-08,2.500287e+08,1.099859e+18,6.222129e+07,2.214610e-08,2.500371e+08,1.129034e+18,5.043820e-11,0.008695,-1.723843e+10,7.660348e-11,0.015699,-2.049355e+10,-1.920135e+10,snr,mean,raw,Deep Residual LeakyRelu,0
L,T3,2.856000e+04,150,-164.865994,71.979165,236.845159,7.284473e-09,3.523012e+15,4.836330e+25,2.233560e+08,5.148026e-09,3.523743e+15,6.844842e+25,8.707579e-10,1.222898e+04,-1.404404e+15,2.712510e-10,3.040028e+04,-1.120739e+16,-3.732827e+15,snr,mean,raw,Deep Residual LeakyRelu,0
W,T3,0.000000,100,-155.227725,-90.038015,65.189710,1.827271e-08,0.060363,3.303474e+08,6.089413e+07,1.717964e-08,0.060383,3.514792e+08,2.220598e-10,3.460416e-10,-55.831899,1.239270e-10,6.338155e-11,48.856149,-18.334558,snr,mean,raw,Deep Residual LeakyRelu,1
W,Fp1,30.000000,600,-154.591742,-154.746512,-0.154770,2.863283e-08,2.763040e-08,-3.500967,8.242111e+07,1.976301e-08,1.976560e-08,0.013130,3.229378e-09,2.652132e-09,17.874870,1.091936e-09,7.165544e-10,34.377697,22.044890,mse,mean,raw,Shallow ReLU Prior,0
N1,Fp1,60.000000,600,-152.584884,-152.661676,-0.076792,3.555621e-08,3.493303e-08,-1.752653,6.447686e+07,3.201884e-08,3.201214e-08,-0.020934,4.992680e-10,4.928215e-11,90.129138,9.002572e-11,4.395165e-11,51.179325,84.178747,mse,mean,raw,Shallow ReLU Prior,0
N2,Fp1,360.000000,600,-145.526536,-145.531258,-0.004722,1.807844e-07,1.805880e-07,-0.108677,6.453786e+07,1.784274e-07,1.789815e-07,0.310529,3.417490e-10,6.178602e-11,81.920698,5.918604e-11,4.792703e-11,19.024449,72.635774,mse,mean,raw,Shallow ReLU Prior,0
N3,Fp1,1.140000e+03,600,-144.163273,-144.207888,-0.044615,2.043475e-07,2.022589e-07,-1.022047,5.329623e+07,2.023813e-07,2.011622e-07,-0.602366,3.134382e-10,6.175511e-11,80.297581,4.535924e-11,4.522553e-11,0.296974,70.183640,mse,mean,raw,Shallow ReLU Prior,0
R,Fp1,6.840000e+03,600,-150.043574,-150.126571,-0.082996,6.160012e-08,6.043408e-08,-1.892919,6.222129e+07,5.975999e-08,5.982666e-08,0.111564,3.984293e-10,5.466970e-11,86.278728,5.143263e-11,8.360944e-11,-62.557922,69.261938,mse,mean,raw,Shallow ReLU Prior,0
L,Fp1,2.856000e+04,600,-152.490882,-152.527961,-0.037079,1.258663e-07,1.247962e-07,-0.850139,2.233560e+08,1.216182e-07,1.216408e-07,0.018509,1.373798e-09,3.345995e-10,75.644226,2.170807e-10,2.525303e-10,-16.329614,63.094026,mse,mean,raw,Shallow ReLU Prior,0
W,Fp1,0.000000,600,-153.299066,-153.388250,-0.089185,2.848845e-08,2.790939e-08,-2.032612,6.089413e+07,2.481290e-08,2.480739e-08,-0.022196,5.679874e-10,7.329951e-11,87.094893,9.938179e-11,4.171245e-11,58.028502,82.766393,mse,mean,raw,Shallow ReLU Prior,1
W,Fp1,30.000000,700,-154.591742,-154.589852,0.001890,2.863283e-08,2.864530e-08,0.043534,8.242111e+07,1.976301e-08,2.040210e-08,3.233758,3.229378e-09,2.812355e-09,12.913433,1.091936e-09,8.759852e-10,19.776971,14.647735,snr,mean,raw,Shallow ReLU Prior,0
N1,Fp1,60.000000,600,-152.584884,-152.521504,0.063381,3.555621e-08,3.607892e-08,1.470096,6.447686e+07,3.201884e-08,3.333026e-08,4.095763,4.992680e-10,3.573861e-11,92.841813,9.002572e-11,5.026167e-11,44.170274,85.406236,snr,mean,raw,Shallow ReLU Prior,0
N2,Fp1,360.000000,800,-145.526536,-145.371514,0.155022,1.807844e-07,1.873541e-07,3.633986,6.453786e+07,1.784274e-07,1.862446e-07,4.381140,3.417490e-10,3.779800e-11,88.939869,5.918604e-11,4.072671e-11,31.189825,80.414657,snr,mean,raw,Shallow ReLU Prior,0
N3,Fp1,1.140000e+03,400,-144.163273,-144.095746,0.067527,2.043475e-07,2.075496e-07,1.567022,5.329623e+07,2.023813e-07,2.082216e-07,2.885794,3.134382e-10,4.098139e-11,86.925254,4.535924e-11,5.586023e-11,-23.147997,73.009469,snr,mean,raw,Shallow ReLU Prior,0
R,Fp1,6.840000e+03,1500,-150.043574,-149.943980,0.099594,6.160012e-08,6.302909e-08,2.319740,6.222129e+07,5.975999e-08,6.174999e-08,3.329992,3.984293e-10,3.163258e-11,92.060699,5.143263e-11,3.217383e-11,37.445929,85.816477,snr,mean,raw,Shallow ReLU Prior,0
L,Fp1,2.856000e+04,1650,-152.490882,-152.375925,0.114957,1.258663e-07,1.292424e-07,2.682324,2.233560e+08,1.216182e-07,1.253772e-07,3.090791,1.373798e-09,1.173874e-09,14.552703,2.170807e-10,1.763356e-10,18.769967,15.128112,snr,mean,raw,Shallow ReLU Prior,0
W,Fp1,0.000000,500,-153.299066,-153.332060,-0.032994,2.848845e-08,2.827284e-08,-0.756837,6.089413e+07,2.481290e-08,2.528387e-08,1.898088,5.679874e-10,5.425058e-11,90.448646,9.938179e-11,3.953372e-11,60.220756,85.947184,snr,mean,raw,Shallow ReLU Prior,1
W,Fp1,30.000000,600,-154.591742,-155.196731,-0.604989,2.863283e-08,2.490952e-08,-13.003641,8.242111e+07,1.976301e-08,2.493984e-08,26.194574,3.229378e-09,3.627744e-12,99.887664,1.091936e-09,2.933801e-13,99.973132,99.909261,mse,mean,raw,EEGNet,0
N1,Fp1,60.000000,600,-152.584884,-151.896369,0.688515,3.555621e-08,4.166458e-08,17.179473,6.447686e+07,3.201884e-08,4.170456e-08,30.250052,4.992680e-10,4.137753e-12,99.171238,9.002572e-11,3.256935e-13,99.638226,99.242578,mse,mean,raw,EEGNet,0
N2,Fp1,360.000000,600,-145.526536,-149.895471,-4.368936,1.807844e-07,6.611004e-08,-63.431562,6.453786e+07,1.784274e-07,6.620215e-08,-62.896878,3.417490e-10,7.000747e-12,97.951501,5.918604e-11,5.804822e-13,99.019241,98.109118,mse,mean,raw,EEGNet,0
N3,Fp1,1.140000e+03,600,-144.163273,-146.588137,-2.424864,2.043475e-07,1.169184e-07,-42.784515,5.329623e+07,2.023813e-07,1.176568e-07,-41.863763,3.134382e-10,1.157259e-11,96.307867,4.535924e-11,8.624404e-13,98.098687,96.534257,mse,mean,raw,EEGNet,0
R,Fp1,6.840000e+03,600,-150.043574,-148.355554,1.688020,6.160012e-08,9.086227e-08,47.503382,6.222129e+07,5.975999e-08,9.124744e-08,52.689862,3.984293e-10,1.408761e-11,96.464222,5.143263e-11,1.097556e-12,97.866074,96.624490,mse,mean,raw,EEGNet,0
L,Fp1,2.856000e+04,600,-152.490882,-153.992111,-1.501228,1.258663e-07,8.908130e-08,-29.225443,2.233560e+08,1.216182e-07,8.929034e-08,-26.581460,1.373798e-09,1.035852e-11,99.245995,2.170807e-10,7.512373e-13,99.653938,99.301660,mse,mean,raw,EEGNet,0
W,Fp1,0.000000,600,-153.299066,-151.867480,1.431586,2.848845e-08,3.961206e-08,39.046019,6.089413e+07,2.481290e-08,3.973168e-08,60.125133,5.679874e-10,5.429985e-12,99.043997,9.938179e-11,4.232026e-13,99.574169,99.122947,mse,mean,raw,EEGNet,1
W,F3,30.000000,600,-158.018236,-159.713398,-1.695162,1.300813e-08,8.804378e-09,-32.316338,8.242111e+07,6.880569e-09,8.828466e-09,28.310103,2.079588e-09,1.155381e-12,99.944442,8.625293e-10,8.118789e-14,99.990587,99.957970,mse,mean,raw,EEGNet,0
N1,F3,60.000000,600,-155.851072,-159.212944,-3.361871,1.676087e-08,7.728753e-09,-53.888116,6.447686e+07,1.412202e-08,7.725441e-09,-45.295087,3.494741e-10,8.493398e-13,99.756967,7.325367e-11,6.586772e-14,99.910084,99.783500,mse,mean,raw,EEGNet,0
N2,F3,360.000000,600,-147.070054,-151.157473,-4.087419,1.267095e-07,4.943872e-08,-60.982618,6.453786e+07,1.241535e-07,4.952765e-08,-60.107720,3.461293e-10,2.840007e-12,99.179498,6.506457e-11,2.307740e-13,99.645321,99.253205,mse,mean,raw,EEGNet,0
N3,F3,1.140000e+03,600,-146.265646,-150.102101,-3.836455,1.259308e-07,5.205787e-08,-58.661518,5.329623e+07,1.234118e-07,5.205046e-08,-57.823768,3.609172e-10,5.614431e-12,98.444404,6.486568e-11,4.263760e-13,99.342689,98.581251,mse,mean,raw,EEGNet,0
R,F3,6.840000e+03,600,-155.510193,-156.489883,-0.979691,1.749523e-08,1.396210e-08,-20.194849,6.222129e+07,1.609374e-08,1.400960e-08,-12.950015,2.381852e-10,1.585953e-12,99.334154,2.990989e-11,1.262446e-13,99.577931,99.361349,mse,mean,raw,EEGNet,0
L,F3,2.856000e+04,600,-163.430444,-165.019313,-1.588869,1.013802e-08,7.031795e-09,-30.639362,2.233560e+08,7.813989e-09,7.023682e-09,-10.114003,5.148023e-10,8.292619e-13,99.838917,6.555826e-11,7.085676e-14,99.891920,99.844904,mse,mean,raw,EEGNet,0
W,F3,0.000000,600,-157.076969,-158.685998,-1.609029,1.193654e-08,8.240917e-09,-30.960581,6.089413e+07,9.231806e-09,8.254589e-09,-10.585327,3.469284e-10,1.424348e-12,99.589441,7.739199e-11,1.212577e-13,99.843322,99.635746,mse,mean,raw,EEGNet,1
W,F3,30.000000,600,-158.018236,-158.309703,-0.291466,1.300813e-08,1.216377e-08,-6.491013,8.242111e+07,6.880569e-09,6.784005e-09,-1.403436,2.079588e-09,1.634440e-09,21.405615,8.625293e-10,6.178182e-10,28.371423,23.447729,mse,mean,raw,Shallow ReLU Prior,0
N1,F3,60.000000,600,-155.851072,-155.990698,-0.139626,1.676087e-08,1.623058e-08,-3.163873,6.447686e+07,1.412202e-08,1.389606e-08,-1.600109,3.494741e-10,6.637100e-11,81.008377,7.325367e-11,1.095447e-11,85.046047,81.708020,mse,mean,raw,Shallow ReLU Prior,0
N2,F3,360.000000,600,-147.070054,-147.094212,-0.024158,1.267095e-07,1.260066e-07,-0.554707,6.453786e+07,1.241535e-07,1.241319e-07,-0.017362,3.461293e-10,3.422129e-11,90.113178,6.506457e-11,2.359568e-11,63.735530,85.939278,mse,mean,raw,Shallow ReLU Prior,0
N3,F3,1.140000e+03,600,-146.265646,-146.564381,-0.298734,1.259308e-07,1.175597e-07,-6.647369,5.329623e+07,1.234118e-07,1.160673e-07,-5.951263,3.609172e-10,3.315083e-11,90.814864,6.486568e-11,4.295932e-11,33.772892,82.124699,mse,mean,raw,Shallow ReLU Prior,0
R,F3,6.840000e+03,600,-155.510193,-155.876382,-0.366189,1.749523e-08,1.608055e-08,-8.086119,6.222129e+07,1.609374e-08,1.600581e-08,-0.546337,2.381852e-10,1.739720e-11,92.695965,2.990989e-11,2.279739e-11,23.782311,85.007391,mse,mean,raw,Shallow ReLU Prior,0
L,F3,2.856000e+04,600,-163.430444,-163.518434,-0.087990,1.013802e-08,9.934685e-09,-2.005668,2.233560e+08,7.813989e-09,7.770842e-09,-0.552181,5.148023e-10,2.005822e-10,61.037119,6.555826e-11,1.308843e-10,-99.642772,42.886203,mse,mean,raw,Shallow ReLU Prior,0
W,F3,0.000000,600,-157.076969,-157.228147,-0.151178,1.193654e-08,1.152818e-08,-3.421109,6.089413e+07,9.231806e-09,9.218198e-09,-0.147412,3.469284e-10,2.793060e-11,91.949198,7.739199e-11,6.908005e-12,91.074121,91.789572,mse,mean,raw,Shallow ReLU Prior,1
W,C3,30.000000,600,-162.360985,-162.433192,-0.072207,4.785639e-09,4.706729e-09,-1.648893,8.242111e+07,2.237880e-09,2.255790e-09,0.800318,1.392545e-09,1.347098e-09,3.263674,3.910303e-10,3.585719e-10,8.300981,4.367999,mse,mean,raw,Shallow ReLU Prior,0
N1,C3,60.000000,600,-160.636260,-160.694375,-0.058115,5.569008e-09,5.494982e-09,-1.329244,6.447686e+07,5.273283e-09,5.281986e-09,0.165049,4.091352e-11,2.715919e-12,93.361968,1.713171e-11,3.815982e-12,77.726925,88.747071,mse,mean,raw,Shallow ReLU Prior,0
N2,C3,360.000000,600,-158.314060,-158.352853,-0.038793,9.514994e-09,9.430382e-09,-0.889254,6.453786e+07,9.339171e-09,9.352072e-09,0.138143,2.900535e-11,2.156474e-12,92.565510,1.315275e-11,3.045997e-12,76.843122,87.659909,mse,mean,raw,Shallow ReLU Prior,0
N3,C3,1.140000e+03,600,-152.654121,-152.665211,-0.011090,2.892574e-08,2.885197e-08,-0.255034,5.329623e+07,2.886324e-08,2.886229e-08,-0.003284,2.890534e-11,2.809870e-12,90.279399,1.260642e-11,5.053771e-12,59.914302,81.057291,mse,mean,raw,Shallow ReLU Prior,0
R,C3,6.840000e+03,600,-163.183177,-163.233045,-0.049868,2.989656e-09,2.955523e-09,-1.141696,6.222129e+07,2.843361e-09,2.845068e-09,0.060014,2.168824e-11,1.809386e-12,91.657677,1.179292e-11,2.035956e-12,82.737245,88.515251,mse,mean,raw,Shallow ReLU Prior,0
L,C3,2.856000e+04,600,-171.490958,-171.542090,-0.051131,1.584534e-09,1.565988e-09,-1.170437,2.233560e+08,1.153827e-09,1.145516e-09,-0.720255,1.061033e-10,9.526046e-11,10.219951,2.695421e-11,2.942813e-11,-9.174177,6.290381,mse,mean,raw,Shallow ReLU Prior,0
W,C3,0.000000,600,-162.157278,-162.261030,-0.103752,3.705506e-09,3.618031e-09,-2.360674,6.089413e+07,3.427805e-09,3.436978e-09,0.267587,4.775906e-11,3.883283e-12,91.869184,1.760367e-11,6.323193e-12,64.082292,84.385108,mse,mean,raw,Shallow ReLU Prior,1
W,C3,30.000000,600,-162.360985,-164.011575,-1.650590,4.785639e-09,3.272509e-09,-31.618130,8.242111e+07,2.237880e-09,3.292545e-09,47.127817,1.392545e-09,4.400743e-13,99.968398,3.910303e-10,3.521844e-14,99.990993,99.973352,mse,mean,raw,EEGNet,0
N1,C3,60.000000,600,-160.636260,-163.411941,-2.775682,5.569008e-09,2.939068e-09,-47.224564,6.447686e+07,5.273283e-09,2.940329e-09,-44.241012,4.091352e-11,4.285672e-13,98.952530,1.713171e-11,3.460298e-14,99.798030,99.202067,mse,mean,raw,EEGNet,0
N2,C3,360.000000,600,-158.314060,-161.095754,-2.781694,9.514994e-09,5.014633e-09,-47.297570,6.453786e+07,9.339171e-09,5.014823e-09,-46.303331,2.900535e-11,6.478625e-13,97.766481,1.315275e-11,4.778933e-14,99.636687,98.349937,mse,mean,raw,EEGNet,0
N3,C3,1.140000e+03,600,-152.654121,-156.724394,-4.070273,2.892574e-08,1.133071e-08,-60.828275,5.329623e+07,2.886324e-08,1.137869e-08,-60.577220,2.890534e-11,1.195038e-12,95.865826,1.260642e-11,9.156830e-14,99.273695,96.900696,mse,mean,raw,EEGNet,0
R,C3,6.840000e+03,600,-163.183177,-165.098159,-1.914982,2.989656e-09,1.923636e-09,-35.656931,6.222129e+07,2.843361e-09,1.924694e-09,-32.309202,2.168824e-11,2.245652e-13,98.964624,1.179292e-11,1.605950e-14,99.863832,99.281335,mse,mean,raw,EEGNet,0
L,C3,2.856000e+04,600,-171.490958,-170.836955,0.654003,1.584534e-09,1.842052e-09,16.251968,2.233560e+08,1.153827e-09,1.848032e-09,60.165480,1.061033e-10,3.064780e-13,99.711154,2.695421e-11,2.330002e-14,99.913560,99.752156,mse,mean,raw,EEGNet,0
W,C3,0.000000,600,-162.157278,-159.133805,3.023474,3.705506e-09,7.433527e-09,100.607588,6.089413e+07,3.427805e-09,7.436836e-09,116.956148,4.775906e-11,1.163078e-12,97.564747,1.760367e-11,9.358549e-14,99.468405,98.077430,mse,mean,raw,EEGNet,1
